TestId,First_Name,Last_Name,Address,City,Telephone
3,firstNametest,lastNametest,addresstest,citytest,771123456
4,firstNametest,lastNametest,addresstest,citytest,71123456
5,firstNametest,lastNametest,addresstest,citytest,71123456
6,firstNametest,lastNametest,addresstest,citytest,71123456
7,firstNametest,lastNametest,addresstest,citytest,71123456
8,firstNametest,lastNametest,addresstest,citytest,71123456
9,firstNametest,lastNametest,addresstest,citytest,71123456
10,firstNametest,lastNametest,addresstest,citytest,71123456
11,firstNametest,lastNametest,addresstest,citytest,71123456
